Artist,Title,Label,song_path,extracted_chorus_path
The Weeknd,Blinding Lights,1,popular/Blinding Lights.mp3,chorus_extract/Blinding Lights.wav
Olivia Rodrigo,Good 4 U,1,popular/Good 4 U.mp3,chorus_extract/Good 4 U.wav
Olivia Rodrigo,Drivers License,1,popular/Drivers License.mp3,chorus_extract/Drivers License.wav
Lil Nas X,Montero (Call Me By Your Name),1,popular/Montero (Call Me By Your Name).mp3,chorus_extract/Montero (Call Me By Your Name).wav
BTS,Butter,1,popular/Butter.mp3,chorus_extract/Butter.wav
Olivia Rodrigo,Deja Vu,1,popular/Deja Vu.mp3,chorus_extract/Deja Vu.wav
Ariana Grande,Positions,1,popular/Positions.mp3,chorus_extract/Positions.wav
Ed Sheeran,Bad Habits,1,popular/Bad Habits.mp3,chorus_extract/Bad Habits.wav
Luke Combs,Forever After All,1,popular/Forever After All.mp3,chorus_extract/Forever After All.wav
Pop Smoke,What You Know Bout Love,1,popular/What You Know Bout Love.mp3,chorus_extract/What You Know Bout Love.wav
Billie Eilish,Therefore I Am,1,popular/Therefore I Am.mp3,chorus_extract/Therefore I Am.wav
Cardi B,Up,1,popular/Up.mp3,chorus_extract/Up.wav
Lil Baby,On Me,1,popular/On Me.mp3,chorus_extract/On Me.wav
Olivia Rodrigo,Traitor,1,popular/Traitor.mp3,chorus_extract/Traitor.wav
BTS,Dynamite,1,popular/Dynamite.mp3,chorus_extract/Dynamite.wav
Doja Cat,Need To Know,1,popular/Need To Know.mp3,chorus_extract/Need To Know.wav
Taylor Swift,Willow,1,popular/Willow.mp3,chorus_extract/Willow.wav
Luke Combs,Better Together,1,popular/Better Together.mp3,chorus_extract/Better Together.wav
Doja Cat,Streets,1,popular/Streets.mp3,chorus_extract/Streets.wav
Drake,What's Next,1,popular/What's Next.mp3,chorus_extract/What's Next.wav
Roddy Ricch,Late At Night,1,popular/Late At Night.mp3,chorus_extract/Late At Night.wav
Justin Bieber,Anyone,1,popular/Anyone.mp3,chorus_extract/Anyone.wav
Ariana Grande,pov,1,popular/pov.mp3,chorus_extract/pov.wav
The Weeknd,Take My Breath,1,popular/Take My Breath.mp3,chorus_extract/Take My Breath.wav
Billie Eilish,Happier Than Ever,1,popular/Happier Than Ever.mp3,chorus_extract/Happier Than Ever.wav
Post Malone,Circles,1,popular/Circles.mp3,chorus_extract/Circles.wav
Roddy Ricch,The Box,1,popular/The Box.mp3,chorus_extract/The Box.wav
Harry Styles,Adore You,1,popular/Adore You.mp3,chorus_extract/Adore You.wav
Maroon 5,Memories,1,popular/Memories.mp3,chorus_extract/Memories.wav
Doja Cat,Say So,1,popular/Say So.mp3,chorus_extract/Say So.wav
Billie Eilish,Everything I Wanted,1,popular/Everything I Wanted.mp3,chorus_extract/Everything I Wanted.wav
Harry Styles,Watermelon Sugar,1,popular/Watermelon Sugar.mp3,chorus_extract/Watermelon Sugar.wav
The Weeknd,Heartless,1,popular/Heartless.mp3,chorus_extract/Heartless.wav
DaBaby,BOP,1,popular/BOP.mp3,chorus_extract/BOP.wav
Drake,Toosie Slide,1,popular/Toosie Slide.mp3,chorus_extract/Toosie Slide.wav
Morgan Wallen,Chasin' You,1,popular/Chasin' You.mp3,chorus_extract/Chasin' You.wav
Lil Baby,Woah,1,popular/Woah.mp3,chorus_extract/Woah.wav
Travis Scott,HIGHEST IN THE ROOM,1,popular/HIGHEST IN THE ROOM.mp3,chorus_extract/HIGHEST IN THE ROOM.wav
Billie Eilish,Bad Guy,1,popular/Bad Guy.mp3,chorus_extract/Bad Guy.wav
Justin Bieber,Yummy,1,popular/Yummy.mp3,chorus_extract/Yummy.wav
Lil Nas X,Panini,1,popular/Panini.mp3,chorus_extract/Panini.wav
Lil Baby,Emotionally Scarred,1,popular/Emotionally Scarred.mp3,chorus_extract/Emotionally Scarred.wav
Lil Baby,The Bigger Picture,1,popular/The Bigger Picture.mp3,chorus_extract/The Bigger Picture.wav
Jonas Brothers,Only Human,1,popular/Only Human.mp3,chorus_extract/Only Human.wav
Lil Baby,Sum 2 Prove,1,popular/Sum 2 Prove.mp3,chorus_extract/Sum 2 Prove.wav
Halsey,You Should Be Sad,1,popular/You Should Be Sad.mp3,chorus_extract/You Should Be Sad.wav
Pop Smoke,Dior,1,popular/Dior.mp3,chorus_extract/Dior.wav
Luke Combs,Even Though I'm Leaving,1,popular/Even Though I'm Leaving.mp3,chorus_extract/Even Though I'm Leaving.wav
Juice WRLD,Wishing Well,1,popular/Wishing Well.mp3,chorus_extract/Wishing Well.wav
Morgan Wallen,More Than My Hometown,1,popular/More Than My Hometown.mp3,chorus_extract/More Than My Hometown.wav
Luke Combs,Lovin' On You,1,popular/Lovin' On You.mp3,chorus_extract/Lovin' On You.wav
Halsey,Without Me,1,popular/Without Me.mp3,chorus_extract/Without Me.wav
Post Malone,Wow.,1,popular/Wow..mp3,chorus_extract/Wow..wav
Ariana Grande,7 Rings,1,popular/7 Rings.mp3,chorus_extract/7 Rings.wav
Khalid,Talk,1,popular/Talk.mp3,chorus_extract/Talk.wav
Travis Scott,Sicko Mode,1,popular/Sicko Mode.mp3,chorus_extract/Sicko Mode.wav
Jonas Brothers,Sucker,1,popular/Sucker.mp3,chorus_extract/Sucker.wav
Ariana Grande,"Thank U, Next",1,"popular/Thank U, Next.mp3","chorus_extract/Thank U, Next.wav"
Khalid,Better,1,popular/Better.mp3,chorus_extract/Better.wav
DaBaby,Suge,1,popular/Suge.mp3,chorus_extract/Suge.wav
Shawn Mendes,If I Can't Have You,1,popular/If I Can't Have You.mp3,chorus_extract/If I Can't Have You.wav
Post Malone,Better Now,1,popular/Better Now.mp3,chorus_extract/Better Now.wav
Ariana Grande,"Break Up With Your Girlfriend, I'm Bored",1,"popular/Break Up With Your Girlfriend, I'm Bored.mp3","chorus_extract/Break Up With Your Girlfriend, I'm Bored.wav"
Cardi B,Money,1,popular/Money.mp3,chorus_extract/Money.wav
Taylor Swift,You Need To Calm Down,1,popular/You Need To Calm Down.mp3,chorus_extract/You Need To Calm Down.wav
Luke Combs,Beautiful Crazy,1,popular/Beautiful Crazy.mp3,chorus_extract/Beautiful Crazy.wav
Juice WRLD,Lucid Dreams,1,popular/Lucid Dreams.mp3,chorus_extract/Lucid Dreams.wav
Morgan Wallen,Whiskey Glasses,1,popular/Whiskey Glasses.mp3,chorus_extract/Whiskey Glasses.wav
Luke Combs,Beer Never Broke My Heart,1,popular/Beer Never Broke My Heart.mp3,chorus_extract/Beer Never Broke My Heart.wav
Billie Eilish,When The Party's Over,1,popular/When The Party's Over.mp3,chorus_extract/When The Party's Over.wav
Ariana Grande,Breathin,1,popular/Breathin.mp3,chorus_extract/Breathin.wav
Billie Eilish,Bury A Friend,1,popular/Bury A Friend.mp3,chorus_extract/Bury A Friend.wav
Lil Baby,Close Friends,1,popular/Close Friends.mp3,chorus_extract/Close Friends.wav
Sam Smith,How Do You Sleep?,1,popular/How Do You Sleep?.mp3,chorus_extract/How Do You Sleep?.wav
P!nk,Walk Me Home,1,popular/Walk Me Home.mp3,chorus_extract/Walk Me Home.wav
Juice WRLD,Robbery,1,popular/Robbery.mp3,chorus_extract/Robbery.wav
Drake,God's Plan,1,popular/God's Plan.mp3,chorus_extract/God's Plan.wav
Ed Sheeran,Perfect,1,popular/Perfect.mp3,chorus_extract/Perfect.wav
Drake,In My Feelings,1,popular/In My Feelings.mp3,chorus_extract/In My Feelings.wav
Drake,Nice For What,1,popular/Nice For What.mp3,chorus_extract/Nice For What.wav
XXXTENTACION,Sad!,1,popular/Sad!.mp3,chorus_extract/Sad!.wav
Camila Cabello,Never Be The Same,1,popular/Never Be The Same.mp3,chorus_extract/Never Be The Same.wav
Ariana Grande,No Tears Left To Cry,1,popular/No Tears Left To Cry.mp3,chorus_extract/No Tears Left To Cry.wav
Imagine Dragons,Thunder,1,popular/Thunder.mp3,chorus_extract/Thunder.wav
Taylor Swift,Delicate,1,popular/Delicate.mp3,chorus_extract/Delicate.wav
Halsey,Bad At Love,1,popular/Bad At Love.mp3,chorus_extract/Bad At Love.wav
Imagine Dragons,Whatever It Takes,1,popular/Whatever It Takes.mp3,chorus_extract/Whatever It Takes.wav
Post Malone,I Fall Apart,1,popular/I Fall Apart.mp3,chorus_extract/I Fall Apart.wav
Shawn Mendes,In My Blood,1,popular/In My Blood.mp3,chorus_extract/In My Blood.wav
Sam Smith,Too Good At Goodbyes,1,popular/Too Good At Goodbyes.mp3,chorus_extract/Too Good At Goodbyes.wav
Drake,Nonstop,1,popular/Nonstop.mp3,chorus_extract/Nonstop.wav
Cardi B,Bodak Yellow (Money Moves),1,popular/Bodak Yellow (Money Moves).mp3,chorus_extract/Bodak Yellow (Money Moves).wav
Maroon 5,Wait,1,popular/Wait.mp3,chorus_extract/Wait.wav
Cardi B,Be Careful,1,popular/Be Careful.mp3,chorus_extract/Be Careful.wav
Ariana Grande,God Is A Woman,1,popular/God Is A Woman.mp3,chorus_extract/God Is A Woman.wav
Khalid,Young Dumb & Broke,1,popular/Young Dumb & Broke.mp3,chorus_extract/Young Dumb & Broke.wav
Imagine Dragons,Natural,1,popular/Natural.mp3,chorus_extract/Natural.wav
Ed Sheeran,Shape Of You,1,popular/Shape Of You.mp3,chorus_extract/Shape Of You.wav
The Weeknd,Call Out My Name,1,popular/Call Out My Name.mp3,chorus_extract/Call Out My Name.wav
Drake,I'm Upset,1,popular/I'm Upset.mp3,chorus_extract/I'm Upset.wav
XXXTENTACION,Moonlight,1,popular/Moonlight.mp3,chorus_extract/Moonlight.wav
XXXTENTACION,Changes,1,popular/Changes.mp3,chorus_extract/Changes.wav
Luke Combs,One Number Away,1,popular/One Number Away.mp3,chorus_extract/One Number Away.wav
Imagine Dragons,Believer,1,popular/Believer.mp3,chorus_extract/Believer.wav
Bruno Mars,That's What I Like,1,popular/That's What I Like.mp3,chorus_extract/That's What I Like.wav
Kendrick Lamar,Humble.,1,popular/Humble..mp3,chorus_extract/Humble..wav
Future,Mask Off,1,popular/Mask Off.mp3,chorus_extract/Mask Off.wav
Bruno Mars,24K Magic,1,popular/24K Magic.mp3,chorus_extract/24K Magic.wav
Khalid,Location,1,popular/Location.mp3,chorus_extract/Location.wav
Shawn Mendes,There's Nothing Holdin' Me Back,1,popular/There's Nothing Holdin' Me Back.mp3,chorus_extract/There's Nothing Holdin' Me Back.wav
Rihanna,Love On The Brain,1,popular/Love On The Brain.mp3,chorus_extract/Love On The Brain.wav
Drake,Fake Love,1,popular/Fake Love.mp3,chorus_extract/Fake Love.wav
Taylor Swift,Look What You Made Me Do,1,popular/Look What You Made Me Do.mp3,chorus_extract/Look What You Made Me Do.wav
Ed Sheeran,Castle On The Hill,1,popular/Castle On The Hill.mp3,chorus_extract/Castle On The Hill.wav
The Chainsmokers,Paris,1,popular/Paris.mp3,chorus_extract/Paris.wav
Justin Timberlake,Can't Stop The Feeling!,1,popular/Can't Stop The Feeling!.mp3,chorus_extract/Can't Stop The Feeling!.wav
Shawn Mendes,Mercy,1,popular/Mercy.mp3,chorus_extract/Mercy.wav
twenty one pilots,Heathens,1,popular/Heathens.mp3,chorus_extract/Heathens.wav
Halsey,Now Or Never,1,popular/Now Or Never.mp3,chorus_extract/Now Or Never.wav
Kendrick Lamar,DNA.,1,popular/DNA..mp3,chorus_extract/DNA..wav
Drake,Passionfruit,1,popular/Passionfruit.mp3,chorus_extract/Passionfruit.wav
Travis Scott,Goosebumps,1,popular/Goosebumps.mp3,chorus_extract/Goosebumps.wav
Luke Combs,Hurricane,1,popular/Hurricane.mp3,chorus_extract/Hurricane.wav
P!nk,What About Us,1,popular/What About Us.mp3,chorus_extract/What About Us.wav
Harry Styles,Sign Of The Times,1,popular/Sign Of The Times.mp3,chorus_extract/Sign Of The Times.wav
Adele,Water Under The Bridge,1,popular/Water Under The Bridge.mp3,chorus_extract/Water Under The Bridge.wav
Miley Cyrus,Malibu,1,popular/Malibu.mp3,chorus_extract/Malibu.wav
Shawn Mendes,Treat You Better,1,popular/Treat You Better.mp3,chorus_extract/Treat You Better.wav
Justin Bieber,Love Yourself,1,popular/Love Yourself.mp3,chorus_extract/Love Yourself.wav
Justin Bieber,Sorry,1,popular/Sorry.mp3,chorus_extract/Sorry.wav
twenty one pilots,Stressed Out,1,popular/Stressed Out.mp3,chorus_extract/Stressed Out.wav
Adele,Hello,1,popular/Hello.mp3,chorus_extract/Hello.wav
Rihanna,Needed Me,1,popular/Needed Me.mp3,chorus_extract/Needed Me.wav
twenty one pilots,Ride,1,popular/Ride.mp3,chorus_extract/Ride.wav
Shawn Mendes,Stitches,1,popular/Stitches.mp3,chorus_extract/Stitches.wav
Drake,Hotline Bling,1,popular/Hotline Bling.mp3,chorus_extract/Hotline Bling.wav
Adele,Send My Love (To Your New Lover),1,popular/Send My Love (To Your New Lover).mp3,chorus_extract/Send My Love (To Your New Lover).wav
Justin Bieber,What Do You Mean?,1,popular/What Do You Mean?.mp3,chorus_extract/What Do You Mean?.wav
The Weeknd,The Hills,1,popular/The Hills.mp3,chorus_extract/The Hills.wav
P!nk,Just Like Fire,1,popular/Just Like Fire.mp3,chorus_extract/Just Like Fire.wav
Ariana Grande,Dangerous Woman,1,popular/Dangerous Woman.mp3,chorus_extract/Dangerous Woman.wav
Drake,Controlla,1,popular/Controlla.mp3,chorus_extract/Controlla.wav
Meghan Trainor,No,1,popular/No.mp3,chorus_extract/No.wav
Ariana Grande,Into You,1,popular/Into You.mp3,chorus_extract/Into You.wav
The Weeknd,In The Night,1,popular/In The Night.mp3,chorus_extract/In The Night.wav
Meghan Trainor,Me Too,1,popular/Me Too.mp3,chorus_extract/Me Too.wav
Post Malone,White Iverson,1,popular/White Iverson.mp3,chorus_extract/White Iverson.wav
The Weeknd,Can't Feel My Face,1,popular/Can't Feel My Face.mp3,chorus_extract/Can't Feel My Face.wav
Coldplay,Hymn For The Weekend,1,popular/Hymn For The Weekend.mp3,chorus_extract/Hymn For The Weekend.wav
Travis Scott,Antidote,1,popular/Antidote.mp3,chorus_extract/Antidote.wav
Taylor Swift,Wildest Dreams,1,popular/Wildest Dreams.mp3,chorus_extract/Wildest Dreams.wav
Adele,When We Were Young,1,popular/When We Were Young.mp3,chorus_extract/When We Were Young.wav
Chris Brown,Back To Sleep,1,popular/Back To Sleep.mp3,chorus_extract/Back To Sleep.wav
Coldplay,Adventure Of A Lifetime,1,popular/Adventure Of A Lifetime.mp3,chorus_extract/Adventure Of A Lifetime.wav
Future,Wicked,1,popular/Wicked.mp3,chorus_extract/Wicked.wav
Ed Sheeran,Thinking Out Loud,1,popular/Thinking Out Loud.mp3,chorus_extract/Thinking Out Loud.wav
Fetty Wap,Trap Queen,1,popular/Trap Queen.mp3,chorus_extract/Trap Queen.wav
Maroon 5,Sugar,1,popular/Sugar.mp3,chorus_extract/Sugar.wav
Taylor Swift,Blank Space,1,popular/Blank Space.mp3,chorus_extract/Blank Space.wav
The Weeknd,Earned It (Fifty Shades Of Grey),1,popular/Earned It (Fifty Shades Of Grey).mp3,chorus_extract/Earned It (Fifty Shades Of Grey).wav
Taylor Swift,Shake It Off,1,popular/Shake It Off.mp3,chorus_extract/Shake It Off.wav
Meghan Trainor,Lips Are Movin,1,popular/Lips Are Movin.mp3,chorus_extract/Lips Are Movin.wav
Sam Smith,I'm Not The Only One,1,popular/I'm Not The Only One.mp3,chorus_extract/I'm Not The Only One.wav
Meghan Trainor,All About That Bass,1,popular/All About That Bass.mp3,chorus_extract/All About That Bass.wav
Taylor Swift,Style,1,popular/Style.mp3,chorus_extract/Style.wav
Ed Sheeran,Photograph,1,popular/Photograph.mp3,chorus_extract/Photograph.wav
Maroon 5,Animals,1,popular/Animals.mp3,chorus_extract/Animals.wav
Rihanna,B**** Better Have My Money,1,popular/B**** Better Have My Money.mp3,chorus_extract/B**** Better Have My Money.wav
Sam Smith,Stay With Me,1,popular/Stay With Me.mp3,chorus_extract/Stay With Me.wav
One Direction,Drag Me Down,1,popular/Drag Me Down.mp3,chorus_extract/Drag Me Down.wav
Ariana Grande,One Last Time,1,popular/One Last Time.mp3,chorus_extract/One Last Time.wav
Meghan Trainor,Dear Future Husband,1,popular/Dear Future Husband.mp3,chorus_extract/Dear Future Husband.wav
Ed Sheeran,Don't,1,popular/Don't.mp3,chorus_extract/Don't.wav
One Direction,Night Changes,1,popular/Night Changes.mp3,chorus_extract/Night Changes.wav
Drake,Back To Back,1,popular/Back To Back.mp3,chorus_extract/Back To Back.wav
Pharrell Williams,Happy,1,popular/Happy.mp3,chorus_extract/Happy.wav
Imagine Dragons,Demons,1,popular/Demons.mp3,chorus_extract/Demons.wav
One Direction,Story Of My Life,1,popular/Story Of My Life.mp3,chorus_extract/Story Of My Life.wav
Maroon 5,Maps,1,popular/Maps.mp3,chorus_extract/Maps.wav
Nicki Minaj,Anaconda,1,popular/Anaconda.mp3,chorus_extract/Anaconda.wav
Miley Cyrus,Wrecking Ball,1,popular/Wrecking Ball.mp3,chorus_extract/Wrecking Ball.wav
Justin Timberlake,Not A Bad Thing,1,popular/Not A Bad Thing.mp3,chorus_extract/Not A Bad Thing.wav
Katy Perry,Roar,1,popular/Roar.mp3,chorus_extract/Roar.wav
Coldplay,A Sky Full Of Stars,1,popular/A Sky Full Of Stars.mp3,chorus_extract/A Sky Full Of Stars.wav
Ed Sheeran,Sing,1,popular/Sing.mp3,chorus_extract/Sing.wav
Imagine Dragons,Radioactive,1,popular/Radioactive.mp3,chorus_extract/Radioactive.wav
Katy Perry,Birthday,1,popular/Birthday.mp3,chorus_extract/Birthday.wav
Beyonce,Partition,1,popular/Partition.mp3,chorus_extract/Partition.wav
Justin Timberlake,Mirrors,1,popular/Mirrors.mp3,chorus_extract/Mirrors.wav
Bruno Mars,When I Was Your Man,1,popular/When I Was Your Man.mp3,chorus_extract/When I Was Your Man.wav
Bruno Mars,Locked Out Of Heaven,1,popular/Locked Out Of Heaven.mp3,chorus_extract/Locked Out Of Heaven.wav
Taylor Swift,I Knew You Were Trouble.,1,popular/I Knew You Were Trouble..mp3,chorus_extract/I Knew You Were Trouble..wav
Miley Cyrus,We Can't Stop,1,popular/We Can't Stop.mp3,chorus_extract/We Can't Stop.wav
Rihanna,Diamonds,1,popular/Diamonds.mp3,chorus_extract/Diamonds.wav
Bruno Mars,Treasure,1,popular/Treasure.mp3,chorus_extract/Treasure.wav
Drake,Started From The Bottom,1,popular/Started From The Bottom.mp3,chorus_extract/Started From The Bottom.wav
Maroon 5,Daylight,1,popular/Daylight.mp3,chorus_extract/Daylight.wav
Lady Gaga,Applause,1,popular/Applause.mp3,chorus_extract/Applause.wav
Maroon 5,One More Night,1,popular/One More Night.mp3,chorus_extract/One More Night.wav
Imagine Dragons,It's Time,1,popular/It's Time.mp3,chorus_extract/It's Time.wav
Maroon 5,Love Somebody,1,popular/Love Somebody.mp3,chorus_extract/Love Somebody.wav
P!nk,Try,1,popular/Try.mp3,chorus_extract/Try.wav
Ke$ha,Die Young,1,popular/Die Young.mp3,chorus_extract/Die Young.wav
Eminem,Berzerk,1,popular/Berzerk.mp3,chorus_extract/Berzerk.wav
Rihanna,Pour It Up,1,popular/Pour It Up.mp3,chorus_extract/Pour It Up.wav
Taylor Swift,22,1,popular/22.mp3,chorus_extract/22.wav
One Direction,Best Song Ever,1,popular/Best Song Ever.mp3,chorus_extract/Best Song Ever.wav
Ed Sheeran,The A Team,1,popular/The A Team.mp3,chorus_extract/The A Team.wav
Kendrick Lamar,Swimming Pools (Drank),1,popular/Swimming Pools (Drank).mp3,chorus_extract/Swimming Pools (Drank).wav
Ne-Yo,Let Me Love You (Until You Learn To Love Yourself),1,popular/Let Me Love You (Until You Learn To Love Yourself).mp3,chorus_extract/Let Me Love You (Until You Learn To Love Yourself).wav
Nicki Minaj,Starships,1,popular/Starships.mp3,chorus_extract/Starships.wav
One Direction,What Makes You Beautiful,1,popular/What Makes You Beautiful.mp3,chorus_extract/What Makes You Beautiful.wav
Adele,Set Fire To The Rain,1,popular/Set Fire To The Rain.mp3,chorus_extract/Set Fire To The Rain.wav
LMFAO,Sexy And I Know It,1,popular/Sexy And I Know It.mp3,chorus_extract/Sexy And I Know It.wav
Katy Perry,Wide Awake,1,popular/Wide Awake.mp3,chorus_extract/Wide Awake.wav
Rihanna,Where Have You Been,1,popular/Where Have You Been.mp3,chorus_extract/Where Have You Been.wav
Bruno Mars,It Will Rain,1,popular/It Will Rain.mp3,chorus_extract/It Will Rain.wav
Justin Bieber,Boyfriend,1,popular/Boyfriend.mp3,chorus_extract/Boyfriend.wav
Katy Perry,Part Of Me,1,popular/Part Of Me.mp3,chorus_extract/Part Of Me.wav
Taylor Swift,We Are Never Ever Getting Back Together,1,popular/We Are Never Ever Getting Back Together.mp3,chorus_extract/We Are Never Ever Getting Back Together.wav
P!nk,Blow Me (One Last Kiss),1,popular/Blow Me (One Last Kiss).mp3,chorus_extract/Blow Me (One Last Kiss).wav
Katy Perry,The One That Got Away,1,popular/The One That Got Away.mp3,chorus_extract/The One That Got Away.wav
Adele,Someone Like You,1,popular/Someone Like You.mp3,chorus_extract/Someone Like You.wav
Usher,Scream,1,popular/Scream.mp3,chorus_extract/Scream.wav
Chris Brown,Don't Wake Me Up,1,popular/Don't Wake Me Up.mp3,chorus_extract/Don't Wake Me Up.wav
Adele,Rumour Has It,1,popular/Rumour Has It.mp3,chorus_extract/Rumour Has It.wav
Carrie Underwood,Good Girl,1,popular/Good Girl.mp3,chorus_extract/Good Girl.wav
Coldplay,Paradise,1,popular/Paradise.mp3,chorus_extract/Paradise.wav
Carrie Underwood,Blown Away,1,popular/Blown Away.mp3,chorus_extract/Blown Away.wav
Adele,Rolling In The Deep,1,popular/Rolling In The Deep.mp3,chorus_extract/Rolling In The Deep.wav
Usher,Climax,1,popular/Climax.mp3,chorus_extract/Climax.wav
Nicki Minaj,Pound The Alarm,1,popular/Pound The Alarm.mp3,chorus_extract/Pound The Alarm.wav
Chris Brown,Turn Up The Music,1,popular/Turn Up The Music.mp3,chorus_extract/Turn Up The Music.wav
Rihanna,You Da One,1,popular/You Da One.mp3,chorus_extract/You Da One.wav
Katy Perry,Firework,1,popular/Firework.mp3,chorus_extract/Firework.wav
Bruno Mars,Grenade,1,popular/Grenade.mp3,chorus_extract/Grenade.wav
Nicki Minaj,Super Bass,1,popular/Super Bass.mp3,chorus_extract/Super Bass.wav
The Black Eyed Peas,Just Can't Get Enough,1,popular/Just Can't Get Enough.mp3,chorus_extract/Just Can't Get Enough.wav
Rihanna,S&M,1,popular/S&M.mp3,chorus_extract/S&M.wav
Katy Perry,Last Friday Night (T.G.I.F.),1,popular/Last Friday Night (T.G.I.F.).mp3,chorus_extract/Last Friday Night (T.G.I.F.).wav
Bruno Mars,Just The Way You Are,1,popular/Just The Way You Are.mp3,chorus_extract/Just The Way You Are.wav
P!nk,Raise Your Glass,1,popular/Raise Your Glass.mp3,chorus_extract/Raise Your Glass.wav
Lady Gaga,Born This Way,1,popular/Born This Way.mp3,chorus_extract/Born This Way.wav
P!nk,F**kin' Perfect,1,popular/F**kin' Perfect.mp3,chorus_extract/F**kin' Perfect.wav
Lil Wayne,How To Love,1,popular/How To Love.mp3,chorus_extract/How To Love.wav
Bruno Mars,The Lazy Song,1,popular/The Lazy Song.mp3,chorus_extract/The Lazy Song.wav
Britney Spears,Till The World Ends,1,popular/Till The World Ends.mp3,chorus_extract/Till The World Ends.wav
Lady Gaga,The Edge Of Glory,1,popular/The Edge Of Glory.mp3,chorus_extract/The Edge Of Glory.wav
Ke$ha,We R Who We R,1,popular/We R Who We R.mp3,chorus_extract/We R Who We R.wav
Ke$ha,Blow,1,popular/Blow.mp3,chorus_extract/Blow.wav
The Black Eyed Peas,The Time (Dirty Bit),1,popular/The Time (Dirty Bit).mp3,chorus_extract/The Time (Dirty Bit).wav
Rihanna,Only Girl (In The World),1,popular/Only Girl (In The World).mp3,chorus_extract/Only Girl (In The World).wav
Britney Spears,I Wanna Go,1,popular/I Wanna Go.mp3,chorus_extract/I Wanna Go.wav
Chris Brown,Yeah 3X,1,popular/Yeah 3X.mp3,chorus_extract/Yeah 3X.wav
Kanye West,All Of The Lights,1,popular/All Of The Lights.mp3,chorus_extract/All Of The Lights.wav
Britney Spears,Hold It Against Me,1,popular/Hold It Against Me.mp3,chorus_extract/Hold It Against Me.wav
Usher,More,1,popular/More.mp3,chorus_extract/More.wav
Avril Lavigne,What The Hell,1,popular/What The Hell.mp3,chorus_extract/What The Hell.wav
Lady Gaga,You And I,1,popular/You And I.mp3,chorus_extract/You And I.wav
Taylor Swift,Back To December,1,popular/Back To December.mp3,chorus_extract/Back To December.wav
Katy Perry,Teenage Dream,1,popular/Teenage Dream.mp3,chorus_extract/Teenage Dream.wav
Rihanna,Cheers (Drink To That),1,popular/Cheers (Drink To That).mp3,chorus_extract/Cheers (Drink To That).wav
Drake,Headlines,1,popular/Headlines.mp3,chorus_extract/Headlines.wav
Beyonce,Best Thing I Never Had,1,popular/Best Thing I Never Had.mp3,chorus_extract/Best Thing I Never Had.wav
Chris Brown,She Ain't You,1,popular/She Ain't You.mp3,chorus_extract/She Ain't You.wav
Ke$ha,TiK ToK,1,popular/TiK ToK.mp3,chorus_extract/TiK ToK.wav
Lady Gaga,Bad Romance,1,popular/Bad Romance.mp3,chorus_extract/Bad Romance.wav
Rihanna,Rude Boy,1,popular/Rude Boy.mp3,chorus_extract/Rude Boy.wav
The Black Eyed Peas,Imma Be,1,popular/Imma Be.mp3,chorus_extract/Imma Be.wav
Eminem,Not Afraid,1,popular/Not Afraid.mp3,chorus_extract/Not Afraid.wav
Ke$ha,Your Love Is My Drug,1,popular/Your Love Is My Drug.mp3,chorus_extract/Your Love Is My Drug.wav
The Black Eyed Peas,I Gotta Feeling,1,popular/I Gotta Feeling.mp3,chorus_extract/I Gotta Feeling.wav
Drake,Find Your Love,1,popular/Find Your Love.mp3,chorus_extract/Find Your Love.wav
Lady Gaga,Alejandro,1,popular/Alejandro.mp3,chorus_extract/Alejandro.wav
Taylor Swift,Mine,1,popular/Mine.mp3,chorus_extract/Mine.wav
Taylor Swift,You Belong With Me,1,popular/You Belong With Me.mp3,chorus_extract/You Belong With Me.wav
The Black Eyed Peas,Meet Me Halfway,1,popular/Meet Me Halfway.mp3,chorus_extract/Meet Me Halfway.wav
Ke$ha,Take It Off,1,popular/Take It Off.mp3,chorus_extract/Take It Off.wav
Drake,Over,1,popular/Over.mp3,chorus_extract/Over.wav
Maroon 5,Misery,1,popular/Misery.mp3,chorus_extract/Misery.wav
Lady Gaga,Paparazzi,1,popular/Paparazzi.mp3,chorus_extract/Paparazzi.wav
Nicki Minaj,Your Love,1,popular/Your Love.mp3,chorus_extract/Your Love.wav
Miley Cyrus,Party In The U.S.A.,1,popular/Party In The U.S.A..mp3,chorus_extract/Party In The U.S.A..wav
Britney Spears,3,1,popular/3.mp3,chorus_extract/3.wav
The Black Eyed Peas,Rock That Body,1,popular/Rock That Body.mp3,chorus_extract/Rock That Body.wav
Alicia Keys,Un-Thinkable (I'm Ready),1,popular/Un-Thinkable (I'm Ready).mp3,chorus_extract/Un-Thinkable (I'm Ready).wav
Usher,There Goes My Baby,1,popular/There Goes My Baby.mp3,chorus_extract/There Goes My Baby.wav
Taylor Swift,Today Was A Fairytale,1,popular/Today Was A Fairytale.mp3,chorus_extract/Today Was A Fairytale.wav
Beyonce,Sweet Dreams,1,popular/Sweet Dreams.mp3,chorus_extract/Sweet Dreams.wav
Carrie Underwood,Undo It,1,popular/Undo It.mp3,chorus_extract/Undo It.wav
Daughtry,Life After You,1,popular/Life After You.mp3,chorus_extract/Life After You.wav
Alicia Keys,Try Sleeping With A Broken Heart,1,popular/Try Sleeping With A Broken Heart.mp3,chorus_extract/Try Sleeping With A Broken Heart.wav
The Black Eyed Peas,Boom Boom Pow,1,popular/Boom Boom Pow.mp3,chorus_extract/Boom Boom Pow.wav
Lady Gaga,Poker Face,1,popular/Poker Face.mp3,chorus_extract/Poker Face.wav
Taylor Swift,Love Story,1,popular/Love Story.mp3,chorus_extract/Love Story.wav
Beyonce,Single Ladies (Put A Ring On It),1,popular/Single Ladies (Put A Ring On It).mp3,chorus_extract/Single Ladies (Put A Ring On It).wav
The Fray,You Found Me,1,popular/You Found Me.mp3,chorus_extract/You Found Me.wav
Miley Cyrus,The Climb,1,popular/The Climb.mp3,chorus_extract/The Climb.wav
Drake,Best I Ever Had,1,popular/Best I Ever Had.mp3,chorus_extract/Best I Ever Had.wav
Beyonce,Halo,1,popular/Halo.mp3,chorus_extract/Halo.wav
Katy Perry,Hot N Cold,1,popular/Hot N Cold.mp3,chorus_extract/Hot N Cold.wav
Britney Spears,Circus,1,popular/Circus.mp3,chorus_extract/Circus.wav
Lady Gaga,LoveGame,1,popular/LoveGame.mp3,chorus_extract/LoveGame.wav
Katy Perry,Waking Up In Vegas,1,popular/Waking Up In Vegas.mp3,chorus_extract/Waking Up In Vegas.wav
P!nk,Sober,1,popular/Sober.mp3,chorus_extract/Sober.wav
Britney Spears,Womanizer,1,popular/Womanizer.mp3,chorus_extract/Womanizer.wav
T.I.,Whatever You Like,1,popular/Whatever You Like.mp3,chorus_extract/Whatever You Like.wav
Ne-Yo,Mad,1,popular/Mad.mp3,chorus_extract/Mad.wav
Kanye West,Love Lockdown,1,popular/Love Lockdown.mp3,chorus_extract/Love Lockdown.wav
P!nk,So What,1,popular/So What.mp3,chorus_extract/So What.wav
Beyonce,If I Were A Boy,1,popular/If I Were A Boy.mp3,chorus_extract/If I Were A Boy.wav
The Pussycat Dolls,I Hate This Part,1,popular/I Hate This Part.mp3,chorus_extract/I Hate This Part.wav
Nickelback,Gotta Be Somebody,1,popular/Gotta Be Somebody.mp3,chorus_extract/Gotta Be Somebody.wav
P!nk,Please Don't Leave Me,1,popular/Please Don't Leave Me.mp3,chorus_extract/Please Don't Leave Me.wav
Coldplay,Viva La Vida,1,popular/Viva La Vida.mp3,chorus_extract/Viva La Vida.wav
Akon,Right Now (Na Na Na),1,popular/Right Now (Na Na Na).mp3,chorus_extract/Right Now (Na Na Na).wav
Jordin Sparks,Battlefield,1,popular/Battlefield.mp3,chorus_extract/Battlefield.wav
Ne-Yo,Miss Independent,1,popular/Miss Independent.mp3,chorus_extract/Miss Independent.wav
Daughtry,No Surprise,1,popular/No Surprise.mp3,chorus_extract/No Surprise.wav
Nickelback,If Today Was Your Last Day,1,popular/If Today Was Your Last Day.mp3,chorus_extract/If Today Was Your Last Day.wav
Britney Spears,If U Seek Amy,1,popular/If U Seek Amy.mp3,chorus_extract/If U Seek Amy.wav
Taylor Swift,White Horse,1,popular/White Horse.mp3,chorus_extract/White Horse.wav
Rihanna,Disturbia,1,popular/Disturbia.mp3,chorus_extract/Disturbia.wav
Beyonce,Diva,1,popular/Diva.mp3,chorus_extract/Diva.wav
Justin Bieber,One Time,1,popular/One Time.mp3,chorus_extract/One Time.wav
The Fray,Never Say Never,1,popular/Never Say Never.mp3,chorus_extract/Never Say Never.wav
Leona Lewis,Bleeding Love,1,popular/Bleeding Love.mp3,chorus_extract/Bleeding Love.wav
Alicia Keys,No One,1,popular/No One.mp3,chorus_extract/No One.wav
Chris Brown,With You,1,popular/With You.mp3,chorus_extract/With You.wav
Chris Brown,Forever,1,popular/Forever.mp3,chorus_extract/Forever.wav
Rihanna,Take A Bow,1,popular/Take A Bow.mp3,chorus_extract/Take A Bow.wav
Katy Perry,I Kissed A Girl,1,popular/I Kissed A Girl.mp3,chorus_extract/I Kissed A Girl.wav
Rihanna,Don't Stop The Music,1,popular/Don't Stop The Music.mp3,chorus_extract/Don't Stop The Music.wav
Ne-Yo,Closer,1,popular/Closer.mp3,chorus_extract/Closer.wav
Fergie,Clumsy,1,popular/Clumsy.mp3,chorus_extract/Clumsy.wav
Jordin Sparks,Tattoo,1,popular/Tattoo.mp3,chorus_extract/Tattoo.wav
Miley Cyrus,See You Again,1,popular/See You Again.mp3,chorus_extract/See You Again.wav
Taylor Swift,Our Song,1,popular/Our Song.mp3,chorus_extract/Our Song.wav
Lil Wayne,A Milli,1,popular/A Milli.mp3,chorus_extract/A Milli.wav
Alicia Keys,Like You'll Never See Me Again,1,popular/Like You'll Never See Me Again.mp3,chorus_extract/Like You'll Never See Me Again.wav
Taylor Swift,Teardrops On My Guitar,1,popular/Teardrops On My Guitar.mp3,chorus_extract/Teardrops On My Guitar.wav
The Pussycat Dolls,When I Grow Up,1,popular/When I Grow Up.mp3,chorus_extract/When I Grow Up.wav
Leona Lewis,Better In Time,1,popular/Better In Time.mp3,chorus_extract/Better In Time.wav
Jordin Sparks,One Step At A Time,1,popular/One Step At A Time.mp3,chorus_extract/One Step At A Time.wav
Jonas Brothers,Burnin' Up,1,popular/Burnin' Up.mp3,chorus_extract/Burnin' Up.wav
Fergie,Big Girls Don't Cry,1,popular/Big Girls Don't Cry.mp3,chorus_extract/Big Girls Don't Cry.wav
Mary J. Blige,Just Fine,1,popular/Just Fine.mp3,chorus_extract/Just Fine.wav
Britney Spears,Piece Of Me,1,popular/Piece Of Me.mp3,chorus_extract/Piece Of Me.wav
Miley Cyrus,7 Things,1,popular/7 Things.mp3,chorus_extract/7 Things.wav
Daughtry,Feels Like Tonight,1,popular/Feels Like Tonight.mp3,chorus_extract/Feels Like Tonight.wav
Beyonce,Irreplaceable,1,popular/Irreplaceable.mp3,chorus_extract/Irreplaceable.wav
Carrie Underwood,Before He Cheats,1,popular/Before He Cheats.mp3,chorus_extract/Before He Cheats.wav
Akon,Don't Matter,1,popular/Don't Matter.mp3,chorus_extract/Don't Matter.wav
Avril Lavigne,Girlfriend,1,popular/Girlfriend.mp3,chorus_extract/Girlfriend.wav
Maroon 5,Makes Me Wonder,1,popular/Makes Me Wonder.mp3,chorus_extract/Makes Me Wonder.wav
Daughtry,It's Not Over,1,popular/It's Not Over.mp3,chorus_extract/It's Not Over.wav
Fergie,Fergalicious,1,popular/Fergalicious.mp3,chorus_extract/Fergalicious.wav
Justin Timberlake,What Goes Around...Comes Around,1,popular/What Goes Around...Comes Around.mp3,chorus_extract/What Goes Around...Comes Around.wav
The Fray,How To Save A Life,1,popular/How To Save A Life.mp3,chorus_extract/How To Save A Life.wav
Daughtry,Home,1,popular/Home.mp3,chorus_extract/Home.wav
Kanye West,Stronger,1,popular/Stronger.mp3,chorus_extract/Stronger.wav
P!nk,U + Ur Hand,1,popular/U + Ur Hand.mp3,chorus_extract/U + Ur Hand.wav
Nickelback,Rockstar,1,popular/Rockstar.mp3,chorus_extract/Rockstar.wav
Justin Timberlake,Summer Love,1,popular/Summer Love.mp3,chorus_extract/Summer Love.wav
Nickelback,If Everyone Cared,1,popular/If Everyone Cared.mp3,chorus_extract/If Everyone Cared.wav
Ne-Yo,Because Of You,1,popular/Because Of You.mp3,chorus_extract/Because Of You.wav
Justin Timberlake,SexyBack,1,popular/SexyBack.mp3,chorus_extract/SexyBack.wav
Avril Lavigne,Keep Holding On,1,popular/Keep Holding On.mp3,chorus_extract/Keep Holding On.wav
P!nk,Who Knew,1,popular/Who Knew.mp3,chorus_extract/Who Knew.wav
T.I.,Big Things Poppin' (Do It),1,popular/Big Things Poppin' (Do It).mp3,chorus_extract/Big Things Poppin' (Do It).wav
Gwen Stefani,Wind It Up,1,popular/Wind It Up.mp3,chorus_extract/Wind It Up.wav
Rihanna,Shut Up And Drive,1,popular/Shut Up And Drive.mp3,chorus_extract/Shut Up And Drive.wav
Nickelback,Far Away,1,popular/Far Away.mp3,chorus_extract/Far Away.wav
Justin Timberlake,LoveStoned,1,popular/LoveStoned.mp3,chorus_extract/LoveStoned.wav
Sean Paul,Temperature,1,popular/Temperature.mp3,chorus_extract/Temperature.wav
Mary J. Blige,Be Without You,1,popular/Be Without You.mp3,chorus_extract/Be Without You.wav
The Fray,Over My Head (Cable Car),1,popular/Over My Head (Cable Car).mp3,chorus_extract/Over My Head (Cable Car).wav
Chris Brown,Run It!,1,popular/Run It!.mp3,chorus_extract/Run It!.wav
Ne-Yo,So Sick,1,popular/So Sick.mp3,chorus_extract/So Sick.wav
Rihanna,SOS,1,popular/SOS.mp3,chorus_extract/SOS.wav
Fergie,London Bridge,1,popular/London Bridge.mp3,chorus_extract/London Bridge.wav
Rascal Flatts,What Hurts The Most,1,popular/What Hurts The Most.mp3,chorus_extract/What Hurts The Most.wav
Rihanna,Unfaithful,1,popular/Unfaithful.mp3,chorus_extract/Unfaithful.wav
The Pussycat Dolls,Stickwitu,1,popular/Stickwitu.mp3,chorus_extract/Stickwitu.wav
The Black Eyed Peas,My Humps,1,popular/My Humps.mp3,chorus_extract/My Humps.wav
Chris Brown,Yo (Excuse Me Miss),1,popular/Yo (Excuse Me Miss).mp3,chorus_extract/Yo (Excuse Me Miss).wav
T.I.,What You Know,1,popular/What You Know.mp3,chorus_extract/What You Know.wav
Nickelback,Savin' Me,1,popular/Savin' Me.mp3,chorus_extract/Savin' Me.wav
Ne-Yo,Sexy Love,1,popular/Sexy Love.mp3,chorus_extract/Sexy Love.wav
Rascal Flatts,Life Is A Highway,1,popular/Life Is A Highway.mp3,chorus_extract/Life Is A Highway.wav
Carrie Underwood,"Jesus, Take The Wheel",1,"popular/Jesus, Take The Wheel.mp3","chorus_extract/Jesus, Take The Wheel.wav"
Sean Paul,We Be Burnin',1,popular/We Be Burnin'.mp3,chorus_extract/We Be Burnin'.wav
Chris Brown,Say Goodbye,1,popular/Say Goodbye.mp3,chorus_extract/Say Goodbye.wav
The Black Eyed Peas,Pump It,1,popular/Pump It.mp3,chorus_extract/Pump It.wav
Eminem,When I'm Gone,1,popular/When I'm Gone.mp3,chorus_extract/When I'm Gone.wav
Ne-Yo,When You're Mad,1,popular/When You're Mad.mp3,chorus_extract/When You're Mad.wav
T.I.,Why You Wanna,1,popular/Why You Wanna.mp3,chorus_extract/Why You Wanna.wav
P!nk,Stupid Girls,1,popular/Stupid Girls.mp3,chorus_extract/Stupid Girls.wav
T-Pain,I'm Sprung,1,popular/I'm Sprung.mp3,chorus_extract/I'm Sprung.wav
Adele,Easy On Me,0,unpopular/Easy On Me.mp3,chorus_extract/Easy On Me.wav
Taylor Swift,All Too Well (Taylor's Version),0,unpopular/All Too Well (Taylor's Version).mp3,chorus_extract/All Too Well (Taylor's Version).wav
Adele,Oh My God,0,unpopular/Oh My God.mp3,chorus_extract/Oh My God.wav
Ed Sheeran,Shivers,0,unpopular/Shivers.mp3,chorus_extract/Shivers.wav
Adele,I Drink Wine,0,unpopular/I Drink Wine.mp3,chorus_extract/I Drink Wine.wav
Adele,My Little Love,0,unpopular/My Little Love.mp3,chorus_extract/My Little Love.wav
Adele,Can I Get It,0,unpopular/Can I Get It.mp3,chorus_extract/Can I Get It.wav
Adele,To Be Loved,0,unpopular/To Be Loved.mp3,chorus_extract/To Be Loved.wav
Justin Bieber,Ghost,0,unpopular/Ghost.mp3,chorus_extract/Ghost.wav
Adele,Strangers By Nature,0,unpopular/Strangers By Nature.mp3,chorus_extract/Strangers By Nature.wav
Lil Nas X,Thats What I Want,0,unpopular/Thats What I Want.mp3,chorus_extract/Thats What I Want.wav
Adele,Cry Your Heart Out,0,unpopular/Cry Your Heart Out.mp3,chorus_extract/Cry Your Heart Out.wav
Luke Combs,Cold As You,0,unpopular/Cold As You.mp3,chorus_extract/Cold As You.wav
Adele,Hold On,0,unpopular/Hold On.mp3,chorus_extract/Hold On.wav
Adele,Woman Like Me,0,unpopular/Woman Like Me.mp3,chorus_extract/Woman Like Me.wav
Adele,Love Is A Game,0,unpopular/Love Is A Game.mp3,chorus_extract/Love Is A Game.wav
Juice WRLD,Already Dead,0,unpopular/Already Dead.mp3,chorus_extract/Already Dead.wav
Morgan Wallen,Sand In My Boots,0,unpopular/Sand In My Boots.mp3,chorus_extract/Sand In My Boots.wav
Taylor Swift,Message In A Bottle (Taylor's Version) (From The Vault),0,unpopular/Message In A Bottle (Taylor's Version) (From The Vault).mp3,chorus_extract/Message In A Bottle (Taylor's Version) (From The Vault).wav
Doja Cat,Woman,0,unpopular/Woman.mp3,chorus_extract/Woman.wav
Luke Combs,Doin' This,0,unpopular/Doin' This.mp3,chorus_extract/Doin' This.wav
Taylor Swift,Red (Taylor's Version),0,unpopular/Red (Taylor's Version).mp3,chorus_extract/Red (Taylor's Version).wav
Taylor Swift,State Of Grace (Taylor's Version),0,unpopular/State Of Grace (Taylor's Version).mp3,chorus_extract/State Of Grace (Taylor's Version).wav
Travis Scott,Escape Plan,0,unpopular/Escape Plan.mp3,chorus_extract/Escape Plan.wav
Jonas Brothers,Who's In Your Head,0,unpopular/Who's In Your Head.mp3,chorus_extract/Who's In Your Head.wav
BTS,Permission To Dance,0,unpopular/Permission To Dance.mp3,chorus_extract/Permission To Dance.wav
Post Malone,Motley Crew,0,unpopular/Motley Crew.mp3,chorus_extract/Motley Crew.wav
Doja Cat,Ain't Shit,0,unpopular/Ain't Shit.mp3,chorus_extract/Ain't Shit.wav
Camila Cabello,Don't Go Yet,0,unpopular/Don't Go Yet.mp3,chorus_extract/Don't Go Yet.wav
DaBaby,Ball If I Want To,0,unpopular/Ball If I Want To.mp3,chorus_extract/Ball If I Want To.wav
Olivia Rodrigo,Favorite Crime,0,unpopular/Favorite Crime.mp3,chorus_extract/Favorite Crime.wav
Olivia Rodrigo,Happier,0,unpopular/Happier.mp3,chorus_extract/Happier.wav
DaBaby,Red Light Green Light,0,unpopular/Red Light Green Light.mp3,chorus_extract/Red Light Green Light.wav
Billie Eilish,NDA,0,unpopular/NDA.mp3,chorus_extract/NDA.wav
Olivia Rodrigo,Brutal,0,unpopular/Brutal.mp3,chorus_extract/Brutal.wav
Justin Bieber,Off My Face,0,unpopular/Off My Face.mp3,chorus_extract/Off My Face.wav
DaBaby,Masterpiece,0,unpopular/Masterpiece.mp3,chorus_extract/Masterpiece.wav
Justin Bieber,Deserve You,0,unpopular/Deserve You.mp3,chorus_extract/Deserve You.wav
Morgan Wallen,Wasted On You,0,unpopular/Wasted On You.mp3,chorus_extract/Wasted On You.wav
Justin Bieber,Somebody,0,unpopular/Somebody.mp3,chorus_extract/Somebody.wav
Ariana Grande,Santa Tell Me,0,unpopular/Santa Tell Me.mp3,chorus_extract/Santa Tell Me.wav
Lil Nas X,Holiday,0,unpopular/Holiday.mp3,chorus_extract/Holiday.wav
Ed Sheeran,Afterglow,0,unpopular/Afterglow.mp3,chorus_extract/Afterglow.wav
Eminem,Gnat,0,unpopular/Gnat.mp3,chorus_extract/Gnat.wav
Justin Bieber,Rockin' Around The Christmas Tree,0,unpopular/Rockin' Around The Christmas Tree.mp3,chorus_extract/Rockin' Around The Christmas Tree.wav
Carrie Underwood,Favorite Time Of Year,0,unpopular/Favorite Time Of Year.mp3,chorus_extract/Favorite Time Of Year.wav
Taylor Swift,Champagne Problems,0,unpopular/Champagne Problems.mp3,chorus_extract/Champagne Problems.wav
Lady A,Champagne Night,0,unpopular/Champagne Night.mp3,chorus_extract/Champagne Night.wav
Morgan Wallen,7 Summers,0,unpopular/7 Summers.mp3,chorus_extract/7 Summers.wav
Taylor Swift,'Tis The Damn Season,0,unpopular/'Tis The Damn Season.mp3,chorus_extract/'Tis The Damn Season.wav
Carrie Underwood,Silent Night,0,unpopular/Silent Night.mp3,chorus_extract/Silent Night.wav
Harry Styles,Golden,0,unpopular/Golden.mp3,chorus_extract/Golden.wav
BTS,Life Goes On,0,unpopular/Life Goes On.mp3,chorus_extract/Life Goes On.wav
BTS,Blue & Grey,0,unpopular/Blue & Grey.mp3,chorus_extract/Blue & Grey.wav
BTS,Stay,0,unpopular/Stay.mp3,chorus_extract/Stay.wav
Morgan Wallen,Somebody's Problem,0,unpopular/Somebody's Problem.mp3,chorus_extract/Somebody's Problem.wav
Morgan Wallen,Still Goin Down,0,unpopular/Still Goin Down.mp3,chorus_extract/Still Goin Down.wav
Shawn Mendes,Wonder,0,unpopular/Wonder.mp3,chorus_extract/Wonder.wav
BTS,Fly To My Room,0,unpopular/Fly To My Room.mp3,chorus_extract/Fly To My Room.wav
BTS,Telepathy,0,unpopular/Telepathy.mp3,chorus_extract/Telepathy.wav
BTS,Dis-ease,0,unpopular/Dis-ease.mp3,chorus_extract/Dis-ease.wav
Miley Cyrus,Midnight Sky,0,unpopular/Midnight Sky.mp3,chorus_extract/Midnight Sky.wav
Morgan Wallen,Livin' The Dream,0,unpopular/Livin' The Dream.mp3,chorus_extract/Livin' The Dream.wav
Morgan Wallen,Cover Me Up,0,unpopular/Cover Me Up.mp3,chorus_extract/Cover Me Up.wav
Juice WRLD,Conversations,0,unpopular/Conversations.mp3,chorus_extract/Conversations.wav
Juice WRLD,Blood On My Jeans,0,unpopular/Blood On My Jeans.mp3,chorus_extract/Blood On My Jeans.wav
Juice WRLD,Righteous,0,unpopular/Righteous.mp3,chorus_extract/Righteous.wav
Pop Smoke,Got It On Me,0,unpopular/Got It On Me.mp3,chorus_extract/Got It On Me.wav
Juice WRLD,Titanic,0,unpopular/Titanic.mp3,chorus_extract/Titanic.wav
Juice WRLD,Stay High,0,unpopular/Stay High.mp3,chorus_extract/Stay High.wav
Juice WRLD,Bad Energy,0,unpopular/Bad Energy.mp3,chorus_extract/Bad Energy.wav
Pop Smoke,Something Special,0,unpopular/Something Special.mp3,chorus_extract/Something Special.wav
Juice WRLD,Up Up And Away,0,unpopular/Up Up And Away.mp3,chorus_extract/Up Up And Away.wav
Juice WRLD,Fighting Demons,0,unpopular/Fighting Demons.mp3,chorus_extract/Fighting Demons.wav
Juice WRLD,Man Of The Year,0,unpopular/Man Of The Year.mp3,chorus_extract/Man Of The Year.wav
Juice WRLD,Can't Die,0,unpopular/Can't Die.mp3,chorus_extract/Can't Die.wav
Juice WRLD,Screw Juice,0,unpopular/Screw Juice.mp3,chorus_extract/Screw Juice.wav
The Weeknd,In Your Eyes,0,unpopular/In Your Eyes.mp3,chorus_extract/In Your Eyes.wav
The Weeknd,Alone Again,0,unpopular/Alone Again.mp3,chorus_extract/Alone Again.wav
The Weeknd,After Hours,0,unpopular/After Hours.mp3,chorus_extract/After Hours.wav
The Weeknd,Scared To Live,0,unpopular/Scared To Live.mp3,chorus_extract/Scared To Live.wav
The Weeknd,Hardest To Love,0,unpopular/Hardest To Love.mp3,chorus_extract/Hardest To Love.wav
Lady Gaga,Stupid Love,0,unpopular/Stupid Love.mp3,chorus_extract/Stupid Love.wav
The Weeknd,Too Late,0,unpopular/Too Late.mp3,chorus_extract/Too Late.wav
The Weeknd,Snowchild,0,unpopular/Snowchild.mp3,chorus_extract/Snowchild.wav
The Weeknd,Escape From LA,0,unpopular/Escape From LA.mp3,chorus_extract/Escape From LA.wav
The Weeknd,Faith,0,unpopular/Faith.mp3,chorus_extract/Faith.wav
The Weeknd,Repeat After Me (Interlude),0,unpopular/Repeat After Me (Interlude).mp3,chorus_extract/Repeat After Me (Interlude).wav
Jonas Brothers,What A Man Gotta Do,0,unpopular/What A Man Gotta Do.mp3,chorus_extract/What A Man Gotta Do.wav
Sam Smith,To Die For,0,unpopular/To Die For.mp3,chorus_extract/To Die For.wav
Jonas Brothers,Like It's Christmas,0,unpopular/Like It's Christmas.mp3,chorus_extract/Like It's Christmas.wav
Taylor Swift,Lover,0,unpopular/Lover.mp3,chorus_extract/Lover.wav
Halsey,Graveyard,0,unpopular/Graveyard.mp3,chorus_extract/Graveyard.wav
DaBaby,VIBEZ,0,unpopular/VIBEZ.mp3,chorus_extract/VIBEZ.wav
Juice WRLD,Let Me Know (I Wonder Why Freestyle),0,unpopular/Let Me Know (I Wonder Why Freestyle).mp3,chorus_extract/Let Me Know (I Wonder Why Freestyle).wav
Doja Cat,Candy,0,unpopular/Candy.mp3,chorus_extract/Candy.wav
Billie Eilish,All The Good Girls Go To Hell,0,unpopular/All The Good Girls Go To Hell.mp3,chorus_extract/All The Good Girls Go To Hell.wav
Kanye West,Follow God,0,unpopular/Follow God.mp3,chorus_extract/Follow God.wav
Katy Perry,Never Really Over,0,unpopular/Never Really Over.mp3,chorus_extract/Never Really Over.wav
Taylor Swift,The Archer,0,unpopular/The Archer.mp3,chorus_extract/The Archer.wav
Halsey,Nightmare,0,unpopular/Nightmare.mp3,chorus_extract/Nightmare.wav
Jonas Brothers,Cool,0,unpopular/Cool.mp3,chorus_extract/Cool.wav
Beyonce,Before I Let Go,0,unpopular/Before I Let Go.mp3,chorus_extract/Before I Let Go.wav
Carrie Underwood,Southbound,0,unpopular/Southbound.mp3,chorus_extract/Southbound.wav
Nicki Minaj,MEGATRON,0,unpopular/MEGATRON.mp3,chorus_extract/MEGATRON.wav
Imagine Dragons,Bad Liar,0,unpopular/Bad Liar.mp3,chorus_extract/Bad Liar.wav
Lil Baby,Pure Cocaine,0,unpopular/Pure Cocaine.mp3,chorus_extract/Pure Cocaine.wav
Billie Eilish,Wish You Were Gay,0,unpopular/Wish You Were Gay.mp3,chorus_extract/Wish You Were Gay.wav
Juice WRLD,Hear Me Calling,0,unpopular/Hear Me Calling.mp3,chorus_extract/Hear Me Calling.wav
Chris Brown,Undecided,0,unpopular/Undecided.mp3,chorus_extract/Undecided.wav
Juice WRLD,Empty,0,unpopular/Empty.mp3,chorus_extract/Empty.wav
Carrie Underwood,Love Wins,0,unpopular/Love Wins.mp3,chorus_extract/Love Wins.wav
Katy Perry,Cozy Little Christmas,0,unpopular/Cozy Little Christmas.mp3,chorus_extract/Cozy Little Christmas.wav
Luke Combs,She Got The Best Of Me,0,unpopular/She Got The Best Of Me.mp3,chorus_extract/She Got The Best Of Me.wav
Lil Wayne,Uproar,0,unpopular/Uproar.mp3,chorus_extract/Uproar.wav
XXXTENTACION,BAD!,0,unpopular/BAD!.mp3,chorus_extract/BAD!.wav
Ariana Grande,Imagine,0,unpopular/Imagine.mp3,chorus_extract/Imagine.wav
Camila Cabello,Consequences,0,unpopular/Consequences.mp3,chorus_extract/Consequences.wav
Juice WRLD,Armed And Dangerous,0,unpopular/Armed And Dangerous.mp3,chorus_extract/Armed And Dangerous.wav
Billie Eilish,Ocean Eyes,0,unpopular/Ocean Eyes.mp3,chorus_extract/Ocean Eyes.wav
Drake,Mob Ties,0,unpopular/Mob Ties.mp3,chorus_extract/Mob Ties.wav
Juice WRLD,All Girls Are The Same,0,unpopular/All Girls Are The Same.mp3,chorus_extract/All Girls Are The Same.wav
Carrie Underwood,Cry Pretty,0,unpopular/Cry Pretty.mp3,chorus_extract/Cry Pretty.wav
twenty one pilots,Jumpsuit,0,unpopular/Jumpsuit.mp3,chorus_extract/Jumpsuit.wav
Kanye West,All Mine,0,unpopular/All Mine.mp3,chorus_extract/All Mine.wav
Billie Eilish,You Should See Me In A Crown,0,unpopular/You Should See Me In A Crown.mp3,chorus_extract/You Should See Me In A Crown.wav
Drake,Emotionless,0,unpopular/Emotionless.mp3,chorus_extract/Emotionless.wav
Drake,Can't Take A Joke,0,unpopular/Can't Take A Joke.mp3,chorus_extract/Can't Take A Joke.wav
Meghan Trainor,No Excuses,0,unpopular/No Excuses.mp3,chorus_extract/No Excuses.wav
P!nk,Beautiful Trauma,0,unpopular/Beautiful Trauma.mp3,chorus_extract/Beautiful Trauma.wav
Chris Brown,Tempo,0,unpopular/Tempo.mp3,chorus_extract/Tempo.wav
XXXTENTACION,The Remedy For A Broken Heart (Why Am I So In Love),0,unpopular/The Remedy For A Broken Heart (Why Am I So In Love).mp3,chorus_extract/The Remedy For A Broken Heart (Why Am I So In Love).wav
Post Malone,Candy Paint,0,unpopular/Candy Paint.mp3,chorus_extract/Candy Paint.wav
Taylor Swift,...Ready For It?,0,unpopular/...Ready For It?.mp3,chorus_extract/...Ready For It?.wav
Lil Baby,My Dawg,0,unpopular/My Dawg.mp3,chorus_extract/My Dawg.wav
Eminem,Believe,0,unpopular/Believe.mp3,chorus_extract/Believe.wav
Luke Combs,When It Rains It Pours,0,unpopular/When It Rains It Pours.mp3,chorus_extract/When It Rains It Pours.wav
Taylor Swift,Call It What You Want,0,unpopular/Call It What You Want.mp3,chorus_extract/Call It What You Want.wav
XXXTENTACION,Jocelyn Flores,0,unpopular/Jocelyn Flores.mp3,chorus_extract/Jocelyn Flores.wav
Taylor Swift,Gorgeous,0,unpopular/Gorgeous.mp3,chorus_extract/Gorgeous.wav
Chris Brown,Questions,0,unpopular/Questions.mp3,chorus_extract/Questions.wav
Post Malone,Go Flex,0,unpopular/Go Flex.mp3,chorus_extract/Go Flex.wav
Bruno Mars,Versace On The Floor,0,unpopular/Versace On The Floor.mp3,chorus_extract/Versace On The Floor.wav
Travis Scott,Butterfly Effect,0,unpopular/Butterfly Effect.mp3,chorus_extract/Butterfly Effect.wav
Rascal Flatts,Yours If You Want It,0,unpopular/Yours If You Want It.mp3,chorus_extract/Yours If You Want It.wav
Camila Cabello,Crying In The Club,0,unpopular/Crying In The Club.mp3,chorus_extract/Crying In The Club.wav
Chris Brown,Privacy,0,unpopular/Privacy.mp3,chorus_extract/Privacy.wav
Lady Gaga,The Cure,0,unpopular/The Cure.mp3,chorus_extract/The Cure.wav
Drake,Signs,0,unpopular/Signs.mp3,chorus_extract/Signs.wav
The Weeknd,Reminder,0,unpopular/Reminder.mp3,chorus_extract/Reminder.wav
Kendrick Lamar,Element.,0,unpopular/Element..mp3,chorus_extract/Element..wav
Lady Gaga,Million Reasons,0,unpopular/Million Reasons.mp3,chorus_extract/Million Reasons.wav
Nicki Minaj,Regret In Your Tears,0,unpopular/Regret In Your Tears.mp3,chorus_extract/Regret In Your Tears.wav
Ed Sheeran,Galway Girl,0,unpopular/Galway Girl.mp3,chorus_extract/Galway Girl.wav
Future,Draco,0,unpopular/Draco.mp3,chorus_extract/Draco.wav
The Weeknd,Party Monster,0,unpopular/Party Monster.mp3,chorus_extract/Party Monster.wav
Ed Sheeran,Dive,0,unpopular/Dive.mp3,chorus_extract/Dive.wav
Carrie Underwood,Dirty Laundry,0,unpopular/Dirty Laundry.mp3,chorus_extract/Dirty Laundry.wav
The Weeknd,Six Feet Under,0,unpopular/Six Feet Under.mp3,chorus_extract/Six Feet Under.wav
Kanye West,Fade,0,unpopular/Fade.mp3,chorus_extract/Fade.wav
Rihanna,Sex With Me,0,unpopular/Sex With Me.mp3,chorus_extract/Sex With Me.wav
Katy Perry,Rise,0,unpopular/Rise.mp3,chorus_extract/Rise.wav
Carrie Underwood,Church Bells,0,unpopular/Church Bells.mp3,chorus_extract/Church Bells.wav
Fetty Wap,Wake Up,0,unpopular/Wake Up.mp3,chorus_extract/Wake Up.wav
Kanye West,Famous,0,unpopular/Famous.mp3,chorus_extract/Famous.wav
Fergie,M.I.L.F. $,0,unpopular/M.I.L.F. $.mp3,chorus_extract/M.I.L.F. $.wav
Drake,Childs Play,0,unpopular/Childs Play.mp3,chorus_extract/Childs Play.wav
Drake,Summer Sixteen,0,unpopular/Summer Sixteen.mp3,chorus_extract/Summer Sixteen.wav
Carrie Underwood,Heartbeat,0,unpopular/Heartbeat.mp3,chorus_extract/Heartbeat.wav
Rascal Flatts,I Like The Sound Of That,0,unpopular/I Like The Sound Of That.mp3,chorus_extract/I Like The Sound Of That.wav
Taylor Swift,New Romantics,0,unpopular/New Romantics.mp3,chorus_extract/New Romantics.wav
The Weeknd,Acquainted,0,unpopular/Acquainted.mp3,chorus_extract/Acquainted.wav
Justin Bieber,Company,0,unpopular/Company.mp3,chorus_extract/Company.wav
Fetty Wap,Jimmy Choo,0,unpopular/Jimmy Choo.mp3,chorus_extract/Jimmy Choo.wav
Gwen Stefani,Make Me Like You,0,unpopular/Make Me Like You.mp3,chorus_extract/Make Me Like You.wav
Ariana Grande,Focus,0,unpopular/Focus.mp3,chorus_extract/Focus.wav
Fetty Wap,Again,0,unpopular/Again.mp3,chorus_extract/Again.wav
Justin Bieber,I'll Show You,0,unpopular/I'll Show You.mp3,chorus_extract/I'll Show You.wav
Gwen Stefani,Used To Love You,0,unpopular/Used To Love You.mp3,chorus_extract/Used To Love You.wav
Halsey,New Americana,0,unpopular/New Americana.mp3,chorus_extract/New Americana.wav
Drake,Right Hand,0,unpopular/Right Hand.mp3,chorus_extract/Right Hand.wav
Carrie Underwood,Smoke Break,0,unpopular/Smoke Break.mp3,chorus_extract/Smoke Break.wav
Justin Bieber,Mark My Words,0,unpopular/Mark My Words.mp3,chorus_extract/Mark My Words.wav
Justin Bieber,Life Is Worth Living,0,unpopular/Life Is Worth Living.mp3,chorus_extract/Life Is Worth Living.wav
Justin Bieber,Children,0,unpopular/Children.mp3,chorus_extract/Children.wav
Chris Brown,Liquor,0,unpopular/Liquor.mp3,chorus_extract/Liquor.wav
Justin Bieber,Been You,0,unpopular/Been You.mp3,chorus_extract/Been You.wav
One Direction,If I Could Fly,0,unpopular/If I Could Fly.mp3,chorus_extract/If I Could Fly.wav
One Direction,Olivia,0,unpopular/Olivia.mp3,chorus_extract/Olivia.wav
Justin Bieber,Get Used To It,0,unpopular/Get Used To It.mp3,chorus_extract/Get Used To It.wav
One Direction,A.M.,0,unpopular/A.M..mp3,chorus_extract/A.M..wav
Fetty Wap,RGF Island,0,unpopular/RGF Island.mp3,chorus_extract/RGF Island.wav
One Direction,Temporary Fix,0,unpopular/Temporary Fix.mp3,chorus_extract/Temporary Fix.wav
Justin Bieber,Trust,0,unpopular/Trust.mp3,chorus_extract/Trust.wav
One Direction,Never Enough,0,unpopular/Never Enough.mp3,chorus_extract/Never Enough.wav
Maroon 5,This Summer's Gonna Hurt...,0,unpopular/This Summer's Gonna Hurt....mp3,chorus_extract/This Summer's Gonna Hurt....wav
Nicki Minaj,The Night Is Still Young,0,unpopular/The Night Is Still Young.mp3,chorus_extract/The Night Is Still Young.wav
Future,Commas,0,unpopular/Commas.mp3,chorus_extract/Commas.wav
Carrie Underwood,Little Toy Guns,0,unpopular/Little Toy Guns.mp3,chorus_extract/Little Toy Guns.wav
Kendrick Lamar,Alright,0,unpopular/Alright.mp3,chorus_extract/Alright.wav
twenty one pilots,Tear In My Heart,0,unpopular/Tear In My Heart.mp3,chorus_extract/Tear In My Heart.wav
Drake,Energy,0,unpopular/Energy.mp3,chorus_extract/Energy.wav
Imagine Dragons,I Bet My Life,0,unpopular/I Bet My Life.mp3,chorus_extract/I Bet My Life.wav
Drake,Know Yourself,0,unpopular/Know Yourself.mp3,chorus_extract/Know Yourself.wav
Kendrick Lamar,King Kunta,0,unpopular/King Kunta.mp3,chorus_extract/King Kunta.wav
Drake,Legend,0,unpopular/Legend.mp3,chorus_extract/Legend.wav
Kendrick Lamar,The Blacker The Berry,0,unpopular/The Blacker The Berry.mp3,chorus_extract/The Blacker The Berry.wav
Drake,10 Bands,0,unpopular/10 Bands.mp3,chorus_extract/10 Bands.wav
twenty one pilots,Fairly Local,0,unpopular/Fairly Local.mp3,chorus_extract/Fairly Local.wav
Carrie Underwood,Something In The Water,0,unpopular/Something In The Water.mp3,chorus_extract/Something In The Water.wav
Fergie,L.A.LOVE (la la),0,unpopular/L.A.LOVE (la la).mp3,chorus_extract/L.A.LOVE (la la).wav
One Direction,Steal My Girl,0,unpopular/Steal My Girl.mp3,chorus_extract/Steal My Girl.wav
The Weeknd,Often,0,unpopular/Often.mp3,chorus_extract/Often.wav
Kendrick Lamar,i,0,unpopular/i.mp3,chorus_extract/i.wav
Gwen Stefani,Baby Don't Lie,0,unpopular/Baby Don't Lie.mp3,chorus_extract/Baby Don't Lie.wav
Katy Perry,This Is How We Do,0,unpopular/This Is How We Do.mp3,chorus_extract/This Is How We Do.wav
One Direction,Stockholm Syndrome,0,unpopular/Stockholm Syndrome.mp3,chorus_extract/Stockholm Syndrome.wav
Nicki Minaj,Pills N Potions,0,unpopular/Pills N Potions.mp3,chorus_extract/Pills N Potions.wav
Pharrell Williams,Come Get It Bae,0,unpopular/Come Get It Bae.mp3,chorus_extract/Come Get It Bae.wav
Iggy Azalea,Work,0,unpopular/Work.mp3,chorus_extract/Work.wav
Usher,Good Kisser,0,unpopular/Good Kisser.mp3,chorus_extract/Good Kisser.wav
Bruno Mars,Young Girls,0,unpopular/Young Girls.mp3,chorus_extract/Young Girls.wav
Rascal Flatts,Rewind,0,unpopular/Rewind.mp3,chorus_extract/Rewind.wav
Coldplay,Magic,0,unpopular/Magic.mp3,chorus_extract/Magic.wav
Imagine Dragons,On Top Of The World,0,unpopular/On Top Of The World.mp3,chorus_extract/On Top Of The World.wav
Katy Perry,Unconditionally,0,unpopular/Unconditionally.mp3,chorus_extract/Unconditionally.wav
Beyonce,XO,0,unpopular/XO.mp3,chorus_extract/XO.wav
Drake,The Language,0,unpopular/The Language.mp3,chorus_extract/The Language.wav
Justin Timberlake,TKO,0,unpopular/TKO.mp3,chorus_extract/TKO.wav
Justin Bieber,All That Matters,0,unpopular/All That Matters.mp3,chorus_extract/All That Matters.wav
Kanye West,Bound 2,0,unpopular/Bound 2.mp3,chorus_extract/Bound 2.wav
Future,Honest,0,unpopular/Honest.mp3,chorus_extract/Honest.wav
Britney Spears,Perfume,0,unpopular/Perfume.mp3,chorus_extract/Perfume.wav
Drake,Worst Behavior,0,unpopular/Worst Behavior.mp3,chorus_extract/Worst Behavior.wav
Daughtry,Waiting For Superman,0,unpopular/Waiting For Superman.mp3,chorus_extract/Waiting For Superman.wav
Eminem,Survival,0,unpopular/Survival.mp3,chorus_extract/Survival.wav
One Direction,Diana,0,unpopular/Diana.mp3,chorus_extract/Diana.wav
One Direction,Midnight Memories,0,unpopular/Midnight Memories.mp3,chorus_extract/Midnight Memories.wav
Rihanna,What Now,0,unpopular/What Now.mp3,chorus_extract/What Now.wav
Taylor Swift,Red,0,unpopular/Red.mp3,chorus_extract/Red.wav
Bruno Mars,Gorilla,0,unpopular/Gorilla.mp3,chorus_extract/Gorilla.wav
One Direction,Strong,0,unpopular/Strong.mp3,chorus_extract/Strong.wav
Britney Spears,Work B**ch!,0,unpopular/Work B**ch!.mp3,chorus_extract/Work B**ch!.wav
Ariana Grande,Last Christmas,0,unpopular/Last Christmas.mp3,chorus_extract/Last Christmas.wav
Justin Timberlake,Take Back The Night,0,unpopular/Take Back The Night.mp3,chorus_extract/Take Back The Night.wav
Britney Spears,Ooh La La,0,unpopular/Ooh La La.mp3,chorus_extract/Ooh La La.wav
Avril Lavigne,Here's To Never Growing Up,0,unpopular/Here's To Never Growing Up.mp3,chorus_extract/Here's To Never Growing Up.wav
Chris Brown,Fine China,0,unpopular/Fine China.mp3,chorus_extract/Fine China.wav
Carrie Underwood,Two Black Cadillacs,0,unpopular/Two Black Cadillacs.mp3,chorus_extract/Two Black Cadillacs.wav
One Direction,Kiss You,0,unpopular/Kiss You.mp3,chorus_extract/Kiss You.wav
Justin Timberlake,Pusher Love Girl,0,unpopular/Pusher Love Girl.mp3,chorus_extract/Pusher Love Girl.wav
Future,Neva End,0,unpopular/Neva End.mp3,chorus_extract/Neva End.wav
Ke$ha,C'mon,0,unpopular/C'mon.mp3,chorus_extract/C'mon.wav
Kendrick Lamar,"Bitch, Don't Kill My Vibe",0,"unpopular/Bitch, Don't Kill My Vibe.mp3","chorus_extract/Bitch, Don't Kill My Vibe.wav"
Rascal Flatts,Changed,0,unpopular/Changed.mp3,chorus_extract/Changed.wav
Nicki Minaj,Va Va Voom,0,unpopular/Va Va Voom.mp3,chorus_extract/Va Va Voom.wav
One Direction,Little Things,0,unpopular/Little Things.mp3,chorus_extract/Little Things.wav
The Weeknd,Wicked Games,0,unpopular/Wicked Games.mp3,chorus_extract/Wicked Games.wav
Chris Brown,Don't Judge Me,0,unpopular/Don't Judge Me.mp3,chorus_extract/Don't Judge Me.wav
Adele,Skyfall,0,unpopular/Skyfall.mp3,chorus_extract/Skyfall.wav
One Direction,Live While We're Young,0,unpopular/Live While We're Young.mp3,chorus_extract/Live While We're Young.wav
Taylor Swift,Begin Again,0,unpopular/Begin Again.mp3,chorus_extract/Begin Again.wav
Future,Turn On The Lights,0,unpopular/Turn On The Lights.mp3,chorus_extract/Turn On The Lights.wav
Rascal Flatts,Come Wake Me Up,0,unpopular/Come Wake Me Up.mp3,chorus_extract/Come Wake Me Up.wav
Beyonce,Dance For You,0,unpopular/Dance For You.mp3,chorus_extract/Dance For You.wav
One Direction,One Thing,0,unpopular/One Thing.mp3,chorus_extract/One Thing.wav
T.I.,Go Get It,0,unpopular/Go Get It.mp3,chorus_extract/Go Get It.wav
Taylor Swift,Eyes Open,0,unpopular/Eyes Open.mp3,chorus_extract/Eyes Open.wav
Taylor Swift,Ours,0,unpopular/Ours.mp3,chorus_extract/Ours.wav
Rascal Flatts,Banjo,0,unpopular/Banjo.mp3,chorus_extract/Banjo.wav
LMFAO,Sorry For Party Rocking,0,unpopular/Sorry For Party Rocking.mp3,chorus_extract/Sorry For Party Rocking.wav
Justin Bieber,Mistletoe,0,unpopular/Mistletoe.mp3,chorus_extract/Mistletoe.wav
Lady Gaga,Marry The Night,0,unpopular/Marry The Night.mp3,chorus_extract/Marry The Night.wav
Nickelback,When We Stand Together,0,unpopular/When We Stand Together.mp3,chorus_extract/When We Stand Together.wav
Avril Lavigne,Wish You Were Here,0,unpopular/Wish You Were Here.mp3,chorus_extract/Wish You Were Here.wav
Lil Wayne,Blunt Blowin,0,unpopular/Blunt Blowin.mp3,chorus_extract/Blunt Blowin.wav
Beyonce,Countdown,0,unpopular/Countdown.mp3,chorus_extract/Countdown.wav
Nicki Minaj,Stupid Hoe,0,unpopular/Stupid Hoe.mp3,chorus_extract/Stupid Hoe.wav
Taylor Swift,If This Was A Movie,0,unpopular/If This Was A Movie.mp3,chorus_extract/If This Was A Movie.wav
Taylor Swift,Sparks Fly,0,unpopular/Sparks Fly.mp3,chorus_extract/Sparks Fly.wav
Drake,Hate Sleeping Alone,0,unpopular/Hate Sleeping Alone.mp3,chorus_extract/Hate Sleeping Alone.wav
Britney Spears,Criminal,0,unpopular/Criminal.mp3,chorus_extract/Criminal.wav
Drake,Shot For Me,0,unpopular/Shot For Me.mp3,chorus_extract/Shot For Me.wav
Rihanna,California King Bed,0,unpopular/California King Bed.mp3,chorus_extract/California King Bed.wav
Taylor Swift,Mean,0,unpopular/Mean.mp3,chorus_extract/Mean.wav
Rihanna,Man Down,0,unpopular/Man Down.mp3,chorus_extract/Man Down.wav
Maroon 5,Never Gonna Leave This Bed,0,unpopular/Never Gonna Leave This Bed.mp3,chorus_extract/Never Gonna Leave This Bed.wav
Drake,Marvins Room,0,unpopular/Marvins Room.mp3,chorus_extract/Marvins Room.wav
Avril Lavigne,Smile,0,unpopular/Smile.mp3,chorus_extract/Smile.wav
Taylor Swift,The Story Of Us,0,unpopular/The Story Of Us.mp3,chorus_extract/The Story Of Us.wav
Rascal Flatts,I Won't Let Go,0,unpopular/I Won't Let Go.mp3,chorus_extract/I Won't Let Go.wav
Nicki Minaj,Did It On'em,0,unpopular/Did It On'em.mp3,chorus_extract/Did It On'em.wav
Chris Brown,No BS,0,unpopular/No BS.mp3,chorus_extract/No BS.wav
Nicki Minaj,Right Thru Me,0,unpopular/Right Thru Me.mp3,chorus_extract/Right Thru Me.wav
Carrie Underwood,Mama's Song,0,unpopular/Mama's Song.mp3,chorus_extract/Mama's Song.wav
Rascal Flatts,Why Wait,0,unpopular/Why Wait.mp3,chorus_extract/Why Wait.wav
Daughtry,September,0,unpopular/September.mp3,chorus_extract/September.wav
Akon,Angel,0,unpopular/Angel.mp3,chorus_extract/Angel.wav
Ne-Yo,One In A Million,0,unpopular/One In A Million.mp3,chorus_extract/One In A Million.wav
Ne-Yo,Beautiful Monster,0,unpopular/Beautiful Monster.mp3,chorus_extract/Beautiful Monster.wav
Nickelback,This Afternoon,0,unpopular/This Afternoon.mp3,chorus_extract/This Afternoon.wav
Kanye West,POWER,0,unpopular/POWER.mp3,chorus_extract/POWER.wav
P!nk,Glitter In The Air,0,unpopular/Glitter In The Air.mp3,chorus_extract/Glitter In The Air.wav
Ne-Yo,Champagne Life,0,unpopular/Champagne Life.mp3,chorus_extract/Champagne Life.wav
Miley Cyrus,Can't Be Tamed,0,unpopular/Can't Be Tamed.mp3,chorus_extract/Can't Be Tamed.wav
Justin Bieber,U Smile,0,unpopular/U Smile.mp3,chorus_extract/U Smile.wav
Carrie Underwood,Temporary Home,0,unpopular/Temporary Home.mp3,chorus_extract/Temporary Home.wav
T.I.,I'm Back,0,unpopular/I'm Back.mp3,chorus_extract/I'm Back.wav
Miley Cyrus,When I Look At You,0,unpopular/When I Look At You.mp3,chorus_extract/When I Look At You.wav
Rascal Flatts,Unstoppable,0,unpopular/Unstoppable.mp3,chorus_extract/Unstoppable.wav
Taylor Swift,Fearless,0,unpopular/Fearless.mp3,chorus_extract/Fearless.wav
Avril Lavigne,Alice,0,unpopular/Alice.mp3,chorus_extract/Alice.wav
Taylor Swift,Fifteen,0,unpopular/Fifteen.mp3,chorus_extract/Fifteen.wav
Carrie Underwood,Cowboy Casanova,0,unpopular/Cowboy Casanova.mp3,chorus_extract/Cowboy Casanova.wav
Rihanna,Russian Roulette,0,unpopular/Russian Roulette.mp3,chorus_extract/Russian Roulette.wav
Alicia Keys,Empire State Of Mind (Part II) Broken Down,0,unpopular/Empire State Of Mind (Part II) Broken Down.mp3,chorus_extract/Empire State Of Mind (Part II) Broken Down.wav
Justin Bieber,One Less Lonely Girl,0,unpopular/One Less Lonely Girl.mp3,chorus_extract/One Less Lonely Girl.wav
Usher,Papers,0,unpopular/Papers.mp3,chorus_extract/Papers.wav
Nickelback,Never Gonna Be Alone,0,unpopular/Never Gonna Be Alone.mp3,chorus_extract/Never Gonna Be Alone.wav
Eminem,Elevator,0,unpopular/Elevator.mp3,chorus_extract/Elevator.wav
Chris Brown,Crawl,0,unpopular/Crawl.mp3,chorus_extract/Crawl.wav
Lil Wayne,On Fire,0,unpopular/On Fire.mp3,chorus_extract/On Fire.wav
P!nk,Funhouse,0,unpopular/Funhouse.mp3,chorus_extract/Funhouse.wav
Justin Bieber,Down To Earth,0,unpopular/Down To Earth.mp3,chorus_extract/Down To Earth.wav
Alicia Keys,Doesn't Mean Anything,0,unpopular/Doesn't Mean Anything.mp3,chorus_extract/Doesn't Mean Anything.wav
Justin Bieber,Bigger,0,unpopular/Bigger.mp3,chorus_extract/Bigger.wav
Rascal Flatts,Summer Nights,0,unpopular/Summer Nights.mp3,chorus_extract/Summer Nights.wav
Beyonce,Ego,0,unpopular/Ego.mp3,chorus_extract/Ego.wav
Sean Paul,So Fine,0,unpopular/So Fine.mp3,chorus_extract/So Fine.wav
LMFAO,I'm In Miami Trick,0,unpopular/I'm In Miami Trick.mp3,chorus_extract/I'm In Miami Trick.wav
Daughtry,You Don't Belong,0,unpopular/You Don't Belong.mp3,chorus_extract/You Don't Belong.wav
Eminem,Beautiful,0,unpopular/Beautiful.mp3,chorus_extract/Beautiful.wav
Rascal Flatts,Here Comes Goodbye,0,unpopular/Here Comes Goodbye.mp3,chorus_extract/Here Comes Goodbye.wav
Lil Wayne,Hot Revolver,0,unpopular/Hot Revolver.mp3,chorus_extract/Hot Revolver.wav
Katy Perry,Thinking Of You,0,unpopular/Thinking Of You.mp3,chorus_extract/Thinking Of You.wav
Carrie Underwood,Home Sweet Home,0,unpopular/Home Sweet Home.mp3,chorus_extract/Home Sweet Home.wav
Miley Cyrus,Hoedown Throwdown,0,unpopular/Hoedown Throwdown.mp3,chorus_extract/Hoedown Throwdown.wav
Taylor Swift,You're Not Sorry,0,unpopular/You're Not Sorry.mp3,chorus_extract/You're Not Sorry.wav
Rihanna,Rehab,0,unpopular/Rehab.mp3,chorus_extract/Rehab.wav
Usher,Trading Places,0,unpopular/Trading Places.mp3,chorus_extract/Trading Places.wav
Rascal Flatts,Here,0,unpopular/Here.mp3,chorus_extract/Here.wav
Carrie Underwood,Just A Dream,0,unpopular/Just A Dream.mp3,chorus_extract/Just A Dream.wav
Leona Lewis,Run,0,unpopular/Run.mp3,chorus_extract/Run.wav
Daughtry,What About Now,0,unpopular/What About Now.mp3,chorus_extract/What About Now.wav
Nickelback,I'd Come For You,0,unpopular/I'd Come For You.mp3,chorus_extract/I'd Come For You.wav
Jonas Brothers,Lovebug,0,unpopular/Lovebug.mp3,chorus_extract/Lovebug.wav
Jonas Brothers,Pushin' Me Away,0,unpopular/Pushin' Me Away.mp3,chorus_extract/Pushin' Me Away.wav
Taylor Swift,Should've Said No,0,unpopular/Should've Said No.mp3,chorus_extract/Should've Said No.wav
Chris Brown,Take You Down,0,unpopular/Take You Down.mp3,chorus_extract/Take You Down.wav
Alicia Keys,Teenage Love Affair,0,unpopular/Teenage Love Affair.mp3,chorus_extract/Teenage Love Affair.wav
Carrie Underwood,Last Name,0,unpopular/Last Name.mp3,chorus_extract/Last Name.wav
Usher,Moving Mountains,0,unpopular/Moving Mountains.mp3,chorus_extract/Moving Mountains.wav
Jonas Brothers,Play My Music,0,unpopular/Play My Music.mp3,chorus_extract/Play My Music.wav
Jonas Brothers,When You Look Me In The Eyes,0,unpopular/When You Look Me In The Eyes.mp3,chorus_extract/When You Look Me In The Eyes.wav
Carrie Underwood,All-American Girl,0,unpopular/All-American Girl.mp3,chorus_extract/All-American Girl.wav
Taylor Swift,Picture To Burn,0,unpopular/Picture To Burn.mp3,chorus_extract/Picture To Burn.wav
Britney Spears,Break The Ice,0,unpopular/Break The Ice.mp3,chorus_extract/Break The Ice.wav
Maroon 5,Won't Go Home Without You,0,unpopular/Won't Go Home Without You.mp3,chorus_extract/Won't Go Home Without You.wav
Ne-Yo,Go On Girl,0,unpopular/Go On Girl.mp3,chorus_extract/Go On Girl.wav
Daughtry,Over You,0,unpopular/Over You.mp3,chorus_extract/Over You.wav
Maroon 5,Wake Up Call,0,unpopular/Wake Up Call.mp3,chorus_extract/Wake Up Call.wav
Chris Brown,This Christmas,0,unpopular/This Christmas.mp3,chorus_extract/This Christmas.wav
Britney Spears,Gimme More,0,unpopular/Gimme More.mp3,chorus_extract/Gimme More.wav
Carrie Underwood,So Small,0,unpopular/So Small.mp3,chorus_extract/So Small.wav
Rascal Flatts,Winner At A Losing Game,0,unpopular/Winner At A Losing Game.mp3,chorus_extract/Winner At A Losing Game.wav
Mary J. Blige,Work That,0,unpopular/Work That.mp3,chorus_extract/Work That.wav
Jonas Brothers,S.O.S.,0,unpopular/S.O.S..mp3,chorus_extract/S.O.S..wav
Carrie Underwood,Do You Hear What I Hear,0,unpopular/Do You Hear What I Hear.mp3,chorus_extract/Do You Hear What I Hear.wav
Rascal Flatts,Take Me There,0,unpopular/Take Me There.mp3,chorus_extract/Take Me There.wav
Akon,"Sorry, Blame It On Me",0,"unpopular/Sorry, Blame It On Me.mp3","chorus_extract/Sorry, Blame It On Me.wav"
Ne-Yo,Do You,0,unpopular/Do You.mp3,chorus_extract/Do You.wav
Avril Lavigne,When You're Gone,0,unpopular/When You're Gone.mp3,chorus_extract/When You're Gone.wav
Gwen Stefani,4 In The Morning,0,unpopular/4 In The Morning.mp3,chorus_extract/4 In The Morning.wav
Beyonce,Get Me Bodied,0,unpopular/Get Me Bodied.mp3,chorus_extract/Get Me Bodied.wav
Kanye West,Can't Tell Me Nothing,0,unpopular/Can't Tell Me Nothing.mp3,chorus_extract/Can't Tell Me Nothing.wav
Carrie Underwood,Wasted,0,unpopular/Wasted.mp3,chorus_extract/Wasted.wav
T.I.,Top Back,0,unpopular/Top Back.mp3,chorus_extract/Top Back.wav
The Fray,Look After You,0,unpopular/Look After You.mp3,chorus_extract/Look After You.wav
Rascal Flatts,Stand,0,unpopular/Stand.mp3,chorus_extract/Stand.wav
Jonas Brothers,Year 3000,0,unpopular/Year 3000.mp3,chorus_extract/Year 3000.wav
Rascal Flatts,My Wish,0,unpopular/My Wish.mp3,chorus_extract/My Wish.wav
Taylor Swift,Tim McGraw,0,unpopular/Tim McGraw.mp3,chorus_extract/Tim McGraw.wav
The Fray,Happy Xmas (War Is Over),0,unpopular/Happy Xmas (War Is Over).mp3,chorus_extract/Happy Xmas (War Is Over).wav
Mary J. Blige,Take Me As I Am,0,unpopular/Take Me As I Am.mp3,chorus_extract/Take Me As I Am.wav
Beyonce,Listen,0,unpopular/Listen.mp3,chorus_extract/Listen.wav
Beyonce,Ring The Alarm,0,unpopular/Ring The Alarm.mp3,chorus_extract/Ring The Alarm.wav
Rascal Flatts,Me And My Gang,0,unpopular/Me And My Gang.mp3,chorus_extract/Me And My Gang.wav
Carrie Underwood,Don't Forget To Remember Me,0,unpopular/Don't Forget To Remember Me.mp3,chorus_extract/Don't Forget To Remember Me.wav
Gwen Stefani,Crash,0,unpopular/Crash.mp3,chorus_extract/Crash.wav
Gwen Stefani,Luxurious,0,unpopular/Luxurious.mp3,chorus_extract/Luxurious.wav
Rihanna,If It's Lovin' That You Want,0,unpopular/If It's Lovin' That You Want.mp3,chorus_extract/If It's Lovin' That You Want.wav
Alicia Keys,Unbreakable,0,unpopular/Unbreakable.mp3,chorus_extract/Unbreakable.wav
Rascal Flatts,Skin (Sarabeth),0,unpopular/Skin (Sarabeth).mp3,chorus_extract/Skin (Sarabeth).wav
